Title1,Title_URL,Image,zgbdgtext,alinknormal_URL1,aiconalt1,asizesmall1,Price1,Title,alinknormal_URL,aiconalt,asizesmall,Price
"Owala FreeSip Insulated Stainless Steel Water Bottle with Straw, BPA-Free Sports Water Bottle, Great for Travel, 24 Oz, Very, Very Dark",https://www.amazon.com/Owala-Insulated-Stainless-Steel-Push-Button-24-Ounce/dp/B085DTZQNZ/ref=zg_bs_g_kitchen_d_sccl_1/134-7236384-9371243?psc=1,"https://images-na.ssl-images-amazon.com/images/I/718RbhzhVbL._AC_UL600_SR600,400_.jpg",#1,https://www.amazon.com/product-reviews/B085DTZQNZ/ref=zg_bs_g_kitchen_d_sccl_1_cr/134-7236384-9371243,4.7 out of 5 stars,"130,357","NGN 38,629.84",,,,,
STANLEY Quencher H2.0 Tumbler with Handle and Straw 30 oz | Flowstate 3-Position Lid | Cup Holder Compatible for Travel | Insulated Stainless Steel Cup | BPA-Free | Rose Quartz 2.0,https://www.amazon.com/STANLEY-Flowstate-3-Position-Compatible-Insulated/dp/B0CP9YB3Q4/ref=zg_bs_g_kitchen_d_sccl_2/134-7236384-9371243?psc=1,"https://images-na.ssl-images-amazon.com/images/I/51-U5dEbEBL._AC_UL600_SR600,400_.jpg",#2,https://www.amazon.com/product-reviews/B0CP9YB3Q4/ref=zg_bs_g_kitchen_d_sccl_2_cr/134-7236384-9371243,4.7 out of 5 stars,"202,048","NGN 34,503.25",,,,,
"Etekcity Food Kitchen Scale, Digital Grams and Ounces, 11lb | Tare function, ideal for baking, weight loss, keto, meal prep, packages, liquids and jewelry, 304 Stainless Steel",https://www.amazon.com/Etekcity-Multifunction-Stainless-Batteries-Included/dp/B0113UZJE2/ref=zg_bs_g_kitchen_d_sccl_3/134-7236384-9371243?psc=1,"https://images-na.ssl-images-amazon.com/images/I/91YrLTBnMcL._AC_UL600_SR600,400_.jpg",#3,https://www.amazon.com/product-reviews/B0113UZJE2/ref=zg_bs_g_kitchen_d_sccl_3_cr/134-7236384-9371243,4.6 out of 5 stars,"175,704","NGN 11,565.49",,,,,
"HydroJug Traveler 40oz, Insulated Tumbler with Handle & Straw, Pink Sand",https://www.amazon.com/HydroJug-Traveler-Resistant-Bottle-Reusable-Insulated/dp/B0CQVWT2NH/ref=zg_bs_g_kitchen_d_sccl_4/134-7236384-9371243?psc=1,"https://images-na.ssl-images-amazon.com/images/I/41I8AN0RAgL._AC_UL600_SR600,400_.jpg",#4,https://www.amazon.com/product-reviews/B0CQVWT2NH/ref=zg_bs_g_kitchen_d_sccl_4_cr/134-7236384-9371243,4.6 out of 5 stars,"19,305","NGN 46,910.62",,,,,
"bella 2 Slice Slim Toaster, Fits-anywhere™ Kitchenware, 6 Setting Shade Control with Reheat & Cancel Buttons, Fits sourdough, 10” Long Slot, Anti Jam & Auto Shutoff, 900 Watt, Oatmilk",https://www.amazon.com/Toaster-Fits-anywhereTM-Kitchenware-Setting-Removable/dp/B0CYJBB2JQ/ref=zg_bs_g_kitchen_d_sccl_5/134-7236384-9371243?psc=1,"https://images-na.ssl-images-amazon.com/images/I/71zZ0tSkfHL._AC_UL600_SR600,400_.jpg",#5,https://www.amazon.com/product-reviews/B0CYJBB2JQ/ref=zg_bs_g_kitchen_d_sccl_5_cr/134-7236384-9371243,4.2 out of 5 stars,"17,857","NGN 24,538.71",,,,,
"KitchenAid Classic Multifunction Can Opener and Bottle Opener Easy to Use, Razor Sharp Stainless Steel Cutting Wheel, Soft Ergonomic Handles, Black",https://www.amazon.com/KitchenAid-KE199OHOBA-Classic-Multifunction-Opener/dp/B07YP2VH4B/ref=zg_bs_g_kitchen_d_sccl_6/134-7236384-9371243?psc=1,"https://images-na.ssl-images-amazon.com/images/I/51yO+bt+mqL._AC_UL600_SR600,400_.jpg",#6,https://www.amazon.com/product-reviews/B07YP2VH4B/ref=zg_bs_g_kitchen_d_sccl_6_cr/134-7236384-9371243,4.6 out of 5 stars,"91,065","NGN 9,923.13",,,,,
"Alpha Grillers Meat Thermometer Digital – Instant Read Food Thermometer for Cooking & Grilling – Professional Kitchen Birthday Gifts for Men, Him, Dad, Husband, Boyfriend",https://www.amazon.com/Thermometer-Cooking-BACKLIGHT-WATERPROOF-Temperature/dp/B00S93EQUK/ref=zg_bs_g_kitchen_d_sccl_7/134-7236384-9371243?psc=1,"https://images-na.ssl-images-amazon.com/images/I/71Ll1RRo0yL._AC_UL600_SR600,400_.jpg",#7,https://www.amazon.com/product-reviews/B00S93EQUK/ref=zg_bs_g_kitchen_d_sccl_7_cr/134-7236384-9371243,4.8 out of 5 stars,"90,470","NGN 16,989.40",,,,,
"Owala SmoothSip Slider Insulated Stainless Steel Coffee Tumbler, Reusable Iced Coffee Cup, Hot Coffee Travel Mug, BPA Free 12 oz, Vanilla Bean",https://www.amazon.com/Owala-SmoothSip-Insulated-Stainless-Reusable/dp/B0DF472VMZ/ref=zg_bs_g_kitchen_d_sccl_8/134-7236384-9371243?psc=1,"https://images-na.ssl-images-amazon.com/images/I/311JdFvhtVL._AC_UL600_SR600,400_.jpg",#8,https://www.amazon.com/product-reviews/B0DF472VMZ/ref=zg_bs_g_kitchen_d_sccl_8_cr/134-7236384-9371243,4.6 out of 5 stars,"13,556","NGN 22,896.36",,,,,
"KitchenAid All Purpose Kitchen Shears with Protective Sheath Durable Stainless Steel Scissors, Dishwasher Safe, Soft Grip Comfort Handle, 8.72 Inch, Black",https://www.amazon.com/KitchenAid-Protective-Dishwasher-Stainless-8-72-Inch/dp/B07PZF3QS3/ref=zg_bs_g_kitchen_d_sccl_9/134-7236384-9371243?psc=1,"https://images-na.ssl-images-amazon.com/images/I/51Byq+vTy1L._AC_UL600_SR600,400_.jpg",#9,https://www.amazon.com/product-reviews/B07PZF3QS3/ref=zg_bs_g_kitchen_d_sccl_9_cr/134-7236384-9371243,4.8 out of 5 stars,"71,941","NGN 10,475.19",,,,,
"Homaxy 100% Cotton Waffle Weave Kitchen Dish Cloths, Ultra Soft Absorbent Quick Drying Dish Towels, 12 x 12 Inches, 6-Pack, Dark Grey",https://www.amazon.com/Homaxy-Cotton-Waffle-Kitchen-Absorbent/dp/B07WMQP4SF/ref=zg_bs_g_kitchen_d_sccl_10/134-7236384-9371243?psc=1,"https://images-na.ssl-images-amazon.com/images/I/81YlKeBDwML._AC_UL600_SR600,400_.jpg",#10,https://www.amazon.com/product-reviews/B07WMQP4SF/ref=zg_bs_g_kitchen_d_sccl_10_cr/134-7236384-9371243,4.6 out of 5 stars,"31,154","NGN 12,393.57",,,,,
OXO Good Grips Salad Spinner | Lettuce Spinner | Fruit Washer | Fruit Washing Bowl with Strainer | Vegetable Cleaner | Salad Cleaner | Lettuce Washer | 6.22 Quart Capacity,https://www.amazon.com/OXO-Good-Grips-Salad-Spinner/dp/B00004OCKR/ref=zg_bs_g_kitchen_d_sccl_11/134-7236384-9371243?psc=1,"https://images-na.ssl-images-amazon.com/images/I/818Y0pTgRrL._AC_UL600_SR600,400_.jpg",#11,https://www.amazon.com/product-reviews/B00004OCKR/ref=zg_bs_g_kitchen_d_sccl_11_cr/134-7236384-9371243,4.7 out of 5 stars,"53,266","NGN 45,475.28",,,,,
STANLEY Quencher ProTour Flip Straw Tumbler with Leakproof Lid 30 oz | Built-in Straw and Handle | Cup Holder Compatible for Travel | insulated Stainless Steel Cup | BPA-Free | Sorbet Garden,https://www.amazon.com/STANLEY-Leakproof-Compatible-insulated-Stainless/dp/B0H1YJM5W8/ref=zg_bs_g_kitchen_d_sccl_12/134-7236384-9371243?psc=1,"https://images-na.ssl-images-amazon.com/images/I/51ajsErs5sL._AC_UL600_SR600,400_.jpg",#12,https://www.amazon.com/product-reviews/B0H1YJM5W8/ref=zg_bs_g_kitchen_d_sccl_12_cr/134-7236384-9371243,4.7 out of 5 stars,"18,748","NGN 41,403.90",,,,,
"0.5 Sec Instant Read Meat Thermometer Digital with ±0.5℉ Precision, Food Thermometer for Cooking Kitchen Gadgets, Oven Grill Candy BBQ Essentials Accessories, Gifts for Him Dad Men Birthday, Red",https://www.amazon.com/Thermometer-Precision-Essentials-Accessories-Birthday/dp/B0F5X4FM3Q/ref=zg_bs_g_kitchen_d_sccl_13/134-7236384-9371243?psc=1,"https://images-na.ssl-images-amazon.com/images/I/61is4F1PDOL._AC_UL600_SR600,400_.jpg",#13,https://www.amazon.com/product-reviews/B0F5X4FM3Q/ref=zg_bs_g_kitchen_d_sccl_13_cr/134-7236384-9371243,4.8 out of 5 stars,"7,163","NGN 23,448.41",,,,,
"YARRAMATE 16oz/470ml Glass Olive Oil Sprayer for Cooking with Stickers, 2 in 1 Oil Dispenser for Kitchen Gadgets, Food Grade Premium Spray Bottle with Portion Control for Salad, Frying, BBQ (Black)",https://www.amazon.com/YARRAMATE-Dispenser-Sprayer-Cooking-Food-grade/dp/B0CP4XY9QC/ref=zg_bs_g_kitchen_d_sccl_14/134-7236384-9371243?psc=1,"https://images-na.ssl-images-amazon.com/images/I/71ZjnwrH7iL._AC_UL600_SR600,400_.jpg",#14,https://www.amazon.com/product-reviews/B0CP4XY9QC/ref=zg_bs_g_kitchen_d_sccl_14_cr/134-7236384-9371243,4.4 out of 5 stars,"47,059","NGN 12,407.37",,,,,
Rubbermaid Brilliance Tritan Plastic Food Storage Containers BPA Free Airtight Lids Ideal for Lunch Meal Prep & Leftovers Set of 5 (3.2 Cup),https://www.amazon.com/Rubbermaid-Brilliance-Storage-Container-BPA-free/dp/B079M8FPTW/ref=zg_bs_g_kitchen_d_sccl_15/134-7236384-9371243?psc=1,"https://images-na.ssl-images-amazon.com/images/I/81Ap89R-ajL._AC_UL600_SR600,400_.jpg",#15,https://www.amazon.com/product-reviews/B079M8FPTW/ref=zg_bs_g_kitchen_d_sccl_15_cr/134-7236384-9371243,4.7 out of 5 stars,"59,130","NGN 32,985.11",,,,,
"Amazon Basics Digital Kitchen Scale with LCD Display, Tare Function, Multiple Units, Weighs up to 11 Pounds, Batteries Included, Black and Stainless Steel",https://www.amazon.com/AmazonBasics-Stainless-Digital-Batteries-Included/dp/B06X9NQ8GX/ref=zg_bs_g_kitchen_d_sccl_16/134-7236384-9371243?psc=1,"https://images-na.ssl-images-amazon.com/images/I/71eiII6MS-L._AC_UL600_SR600,400_.jpg",#16,https://www.amazon.com/product-reviews/B06X9NQ8GX/ref=zg_bs_g_kitchen_d_sccl_16_cr/134-7236384-9371243,4.7 out of 5 stars,"117,423","NGN 13,649.49",,,,,
"POWCAN 26 oz Insulated Water Bottle with 2-in-1 Straw and Spout Lid, Keep Cold 24H, Leak-Proof, Fits in Car Cup Holder, Stainless Steel Water Bottle for Sports, Travel, and School (Dark Knight)",https://www.amazon.com/POWCAN-Insulated-Bottle-Leak-Proof-Stainless/dp/B0D8J2ZB8P/ref=zg_bs_g_kitchen_d_sccl_17/134-7236384-9371243?psc=1,"https://images-na.ssl-images-amazon.com/images/I/515ELeeh4OL._AC_UL600_SR600,400_.jpg",#17,https://www.amazon.com/product-reviews/B0D8J2ZB8P/ref=zg_bs_g_kitchen_d_sccl_17_cr/134-7236384-9371243,4.6 out of 5 stars,"11,204","NGN 20,674.35",,,,,
"Cisily Sponge Holder for Kitchen Sink, Sink Caddy Organizer with High Brush Holder, Kitchen Countertop Organizers and Storage Essentials, Rustproof 304 Stainless Steel (Black, 9.25″)",https://www.amazon.com/Cisily-Organzier-Rustproof-Stainless-Organizer/dp/B0C3QZ7SNF/ref=zg_bs_g_kitchen_d_sccl_18/134-7236384-9371243?psc=1,"https://images-na.ssl-images-amazon.com/images/I/81shIEM-H2L._AC_UL600_SR600,400_.jpg",#18,https://www.amazon.com/product-reviews/B0C3QZ7SNF/ref=zg_bs_g_kitchen_d_sccl_18_cr/134-7236384-9371243,4.6 out of 5 stars,"13,915","NGN 17,375.84",,,,,
"HOTOR Insulated Lunch Box for Men & Women - Leak-Proof Cooler Lunch Bag with 4 Pockets, Adjustable Strap, Ideal for Work, Picnic, Travel - Medium, Black, 10.2""×6.9""×8.5""",https://www.amazon.com/HOTOR-Insulated-Lunch-Box-Women/dp/B0DBDKT4QC/ref=zg_bs_g_kitchen_d_sccl_19/134-7236384-9371243?psc=1,"https://images-na.ssl-images-amazon.com/images/I/7114mj4izqL._AC_UL600_SR600,400_.jpg",#19,https://www.amazon.com/product-reviews/B0DBDKT4QC/ref=zg_bs_g_kitchen_d_sccl_19_cr/134-7236384-9371243,4.5 out of 5 stars,"7,537","NGN 17,927.89",,,,,
"DOQAUS Ice Cube Tray with Lid and Bin - 4 Pack Silicone Ice Cube Trays for Freezer, Stackable Ice Bucket Kits with Storage Container & Scoop for Kitchen, RV, Cocktail, Coffee",https://www.amazon.com/DOQAUS-Silicone-Plastic-Container-Stackable/dp/B0D8PSDMYH/ref=zg_bs_g_kitchen_d_sccl_20/134-7236384-9371243?psc=1,"https://images-na.ssl-images-amazon.com/images/I/61NNkHyvrjL._AC_UL600_SR600,400_.jpg",#20,https://www.amazon.com/product-reviews/B0D8PSDMYH/ref=zg_bs_g_kitchen_d_sccl_20_cr/134-7236384-9371243,4.5 out of 5 stars,"13,551","NGN 16,506.35",,,,,
"Air Fryer Paper Liners, 125Pcs Air Fryer Disposable Liners, Non-Stick and Oil Proof for Easy Cleanup, 8” Square for 5-8 qt Basket by Baker's Signature",https://www.amazon.com/Disposable-Non-Stick-Cleanup-Bakers-Signature/dp/B0C6Y8NYK1/ref=zg_bs_g_kitchen_d_sccl_21/134-7236384-9371243?psc=1,"https://images-na.ssl-images-amazon.com/images/I/81Fr+9o0iWL._AC_UL600_SR600,400_.jpg",#21,https://www.amazon.com/product-reviews/B0C6Y8NYK1/ref=zg_bs_g_kitchen_d_sccl_21_cr/134-7236384-9371243,4.6 out of 5 stars,"20,489","NGN 13,787.50",,,,,
"Reynolds Kitchens Unbleached Parchment Paper Roll, Non Stick Parchment Paper for Cooking and Baking, Oven Safe up to 425 Degrees, Chlorine-Free, 45 Feet x 12 Inches, 45 Total Sq. Ft.",https://www.amazon.com/Reynolds-Kitchens-Unbleached-Parchment-Paper/dp/B07PFYT8MC/ref=zg_bs_g_kitchen_d_sccl_22/134-7236384-9371243?psc=1,"https://images-na.ssl-images-amazon.com/images/I/71fSQYVwU7L._AC_UL600_SR600,400_.jpg",#22,https://www.amazon.com/product-reviews/B07PFYT8MC/ref=zg_bs_g_kitchen_d_sccl_22_cr/134-7236384-9371243,4.8 out of 5 stars,"23,012","NGN 4,678.64",,,,,
"Lifewit Medium Lunch Bag, Insulated Lunch Box, Soft Cooler Cooling Tote for Adult Men Women, Black 12-Can (9L)",https://www.amazon.com/Lifewit-12-Can-Insulated-Cooler-Cooling/dp/B0B56CHMSC/ref=zg_bs_g_kitchen_d_sccl_23/134-7236384-9371243?psc=1,"https://images-na.ssl-images-amazon.com/images/I/71tf1kD9PBL._AC_UL600_SR600,400_.jpg",#23,https://www.amazon.com/product-reviews/B0B56CHMSC/ref=zg_bs_g_kitchen_d_sccl_23_cr/134-7236384-9371243,4.5 out of 5 stars,"60,776","NGN 11,027.24",,,,,
"Owala FreeSip Sway Insulated Stainless Steel Water Bottle with Two-Way Spout, Built-In Straw and Bucket Handle, Made for Travel, School, and Sports, 40oz, BPA Free, Leak Proof, Black Cherry",https://www.amazon.com/Owala-FreeSip-Insulated-Stainless-Two-Way/dp/B0FK1MWXCW/ref=zg_bs_g_kitchen_d_sccl_24/134-7236384-9371243?psc=1,"https://images-na.ssl-images-amazon.com/images/I/41N5+OHAvBL._AC_UL600_SR600,400_.jpg",#24,https://www.amazon.com/product-reviews/B0FK1MWXCW/ref=zg_bs_g_kitchen_d_sccl_24_cr/134-7236384-9371243,4.7 out of 5 stars,"9,612","NGN 43,211.87",,,,,
"TrendPlain 16oz/470ml Glass Olive Oil Sprayer for Cooking – 2 in 1 Olive Oil Dispenser Bottle for Kitchen Gadgets and Air Fryer Accessories, Salad, BBQ - Black",https://www.amazon.com/TrendPlain-16oz-Dispenser-Bottle-Kitchen/dp/B0CJF94M8J/ref=zg_bs_g_kitchen_d_sccl_25/134-7236384-9371243?psc=1,"https://images-na.ssl-images-amazon.com/images/I/716HuBmcRsL._AC_UL600_SR600,400_.jpg",#25,https://www.amazon.com/product-reviews/B0CJF94M8J/ref=zg_bs_g_kitchen_d_sccl_25_cr/134-7236384-9371243,4.6 out of 5 stars,"43,407","NGN 13,787.50",,,,,
"SURETIVIAN Chicken Shredder Tool Twist Large Chicken Breast Shredder with Brush&Fork, Visible Meat Shredder Machine, Strong Anti-Slip Strip, Ergonomic Handle, BPA Free, Suitable for Pork Beef Chicken",https://www.amazon.com/SURETIVIAN-Shredder-Anti-Slip-Ergonomic-Suitable/dp/B0CGRGRXPY/ref=zg_bs_g_kitchen_d_sccl_26/134-7236384-9371243?psc=1,"https://images-na.ssl-images-amazon.com/images/I/71d6vBNDknL._AC_UL600_SR600,400_.jpg",#26,https://www.amazon.com/product-reviews/B0CGRGRXPY/ref=zg_bs_g_kitchen_d_sccl_26_cr/134-7236384-9371243,4.7 out of 5 stars,"24,693","NGN 31,729.19",,,,,
"Fullstar Pro Original Vegetable Chopper - Chopper and Spiralizer - Food Chopper with Container, Fruit Cutter, Onion Dicer - All-in-One Prep Tool - Kitchen Gadgets and Gifts (4 in 1, White)",https://www.amazon.com/Vegetable-Chopper-Spiralizer-Slicer-Choppers/dp/B0764HS4SL/ref=zg_bs_g_kitchen_d_sccl_27/134-7236384-9371243?psc=1,"https://images-na.ssl-images-amazon.com/images/I/81GZZyozv-L._AC_UL600_SR600,400_.jpg",#27,https://www.amazon.com/product-reviews/B0764HS4SL/ref=zg_bs_g_kitchen_d_sccl_27_cr/134-7236384-9371243,4.5 out of 5 stars,"128,584","NGN 32,750.48",,,,,
"Simple Modern Kids Water Bottle with Straw Lid | 14oz Insulated Stainless Steel Kids Tumbler & Spill Proof Toddler Cup for School, Girls, Boys | Summit | Confetti",https://www.amazon.com/Simple-Modern-Insulated-Stainless-Collection/dp/B0C9FR5FD8/ref=zg_bs_g_kitchen_d_sccl_28/134-7236384-9371243?psc=1,"https://images-na.ssl-images-amazon.com/images/I/51Y0Fm07edL._AC_UL600_SR600,400_.jpg",#28,https://www.amazon.com/product-reviews/B0C9FR5FD8/ref=zg_bs_g_kitchen_d_sccl_28_cr/134-7236384-9371243,4.5 out of 5 stars,"12,537","NGN 26,208.67",,,,,
"Dash Rapid Egg Cooker - Boiler, Poacher & Steamer - Includes Measuring & Recipe Guide - Dishwasher Safe - BPA Free - Holds 7 Eggs, Black",https://www.amazon.com/DASH-Rapid-Egg-Cooker-Scrambled/dp/B0D3W6XGLR/ref=zg_bs_g_kitchen_d_sccl_29/134-7236384-9371243?psc=1,"https://images-na.ssl-images-amazon.com/images/I/51lILkbQ4zL._AC_UL600_SR600,400_.jpg",#29,https://www.amazon.com/product-reviews/B0D3W6XGLR/ref=zg_bs_g_kitchen_d_sccl_29_cr/134-7236384-9371243,4.6 out of 5 stars,"136,441","NGN 23,600.22",,,,,
"Ninja Fit Compact Personal Blender | For Smoothies, Shakes & Frozen Drinks | (2) 16-oz. To-Go Cups with Spout Lids | 700-Watt Countertop | Black | QB3001SS",https://www.amazon.com/Ninja-Personal-Smoothies-Blending-700-Watt/dp/B01FHOWYA2/ref=zg_bs_g_kitchen_d_sccl_30/134-7236384-9371243?psc=1,"https://images-na.ssl-images-amazon.com/images/I/710oNE8RCjL._AC_UL600_SR600,400_.jpg",#30,https://www.amazon.com/product-reviews/B01FHOWYA2/ref=zg_bs_g_kitchen_d_sccl_30_cr/134-7236384-9371243,4.7 out of 5 stars,"42,084","NGN 59,621.62",,,,,
"Simple Modern Disney Kids Lunch Box for School | Reusable Insulated Lunch Bag for Toddler, Girl, and Boy | Meal Containers with Exterior & Interior Pockets | Hadley Collection | Princess Rainbows",https://www.amazon.com/Simple-Modern-Kids-Lunch-Insulated/dp/B0C15F9HV4/ref=zg_bs_g_kitchen_d_sccl_1/134-7236384-9371243?psc=1,"https://images-na.ssl-images-amazon.com/images/I/91lIAA4n7tL._AC_UL600_SR600,400_.jpg",#51,https://www.amazon.com/product-reviews/B0C15F9HV4/ref=zg_bs_g_kitchen_d_sccl_1_cr/134-7236384-9371243,4.8 out of 5 stars,"3,207","NGN 41,390.10",,,,,
"KitchenAid Ribbed Soft Silicone Pot Holder 2-Pack Set, Milkshake Tan, 7""x9""",https://www.amazon.com/KitchenAid-Kitchen-Ribbed-Silicone-Milkshake/dp/B08J8H7BQG/ref=zg_bs_g_kitchen_d_sccl_2/134-7236384-9371243?psc=1,"https://images-na.ssl-images-amazon.com/images/I/71F8K275EUL._AC_UL600_SR600,400_.jpg",#52,https://www.amazon.com/product-reviews/B08J8H7BQG/ref=zg_bs_g_kitchen_d_sccl_2_cr/134-7236384-9371243,4.6 out of 5 stars,"10,212","NGN 11,510.28",,,,,
"Ninja Air Fryer with Air Crisp | 5 QT Capacity fits up to 4lbs of Fries | 4-in-1 Pro Air Fry, Roast, Reheat, Dehydrate | 400°F Max Temp | 1750 Watts | W/Nonstick Basket & Crisper Plate | Grey | AF141",https://www.amazon.com/Ninja-Capacity-Dehydrate-Technology-AF141/dp/B0CSZ7WBYW/ref=zg_bs_g_kitchen_d_sccl_3/134-7236384-9371243?psc=1,"https://images-na.ssl-images-amazon.com/images/I/71jfzcXideL._AC_UL600_SR600,400_.jpg",#53,https://www.amazon.com/product-reviews/B0CSZ7WBYW/ref=zg_bs_g_kitchen_d_sccl_3_cr/134-7236384-9371243,4.7 out of 5 stars,"8,266","NGN 87,224.22",,,,,
"Owala Marvel Potter FreeSip Insulated Stainless Steel Water Bottle with Straw for Sports and Travel, BPA-Free Sports Water Bottle, 24 oz, Spiderman",https://www.amazon.com/Owala-Insulated-Stainless-BPA-Free-Spiderman/dp/B0CBCRC1RK/ref=zg_bs_g_kitchen_d_sccl_4/134-7236384-9371243?psc=1,"https://images-na.ssl-images-amazon.com/images/I/61WgU2-lb7L._AC_UL600_SR600,400_.jpg",#54,https://www.amazon.com/product-reviews/B0CBCRC1RK/ref=zg_bs_g_kitchen_d_sccl_4_cr/134-7236384-9371243,4.8 out of 5 stars,"15,604","NGN 100,735.69",,,,,
"THERMOS FUNTAINER Water Bottle with Straw - 12 Ounce - Kids Stainless Steel Vacuum Insulated Water Bottle with Lid, Bluey",https://www.amazon.com/THERMOS-FUNTAINER-Stainless-Vacuum-Insulated/dp/B0C3NKW6F1/ref=zg_bs_g_kitchen_d_sccl_5/134-7236384-9371243?psc=1,"https://images-na.ssl-images-amazon.com/images/I/61hhWNOLz8L._AC_UL600_SR600,400_.jpg",#55,https://www.amazon.com/product-reviews/B0C3NKW6F1/ref=zg_bs_g_kitchen_d_sccl_5_cr/134-7236384-9371243,4.7 out of 5 stars,"37,491","NGN 19,418.43",,,,,
"Owala Kids Insulation Stainless Steel Tumbler with Spill Resistant Flexible Straw, Easy to Clean, Kids Water Bottle, Great for Travel, Dishwasher Safe, 12 Oz, Blue and Light Green (Turtley Awesome)",https://www.amazon.com/Owala-Insulation-Stainless-Resistant-Dishwasher/dp/B0CR5HLCVQ/ref=zg_bs_g_kitchen_d_sccl_6/134-7236384-9371243?psc=1,"https://images-na.ssl-images-amazon.com/images/I/31JSJiS2taL._AC_UL600_SR600,400_.jpg",#56,https://www.amazon.com/product-reviews/B0CR5HLCVQ/ref=zg_bs_g_kitchen_d_sccl_6_cr/134-7236384-9371243,4.4 out of 5 stars,"7,952","NGN 17,831.28",,,,,
"ChefAide 4‑Pack Ice Cube Trays with Lids, 56‑Cube Total Stackable Freezer Ice Trays, Durable Silicone & Plastic Easy‑Release Ice Molds for Cocktails, Coffee & Drinks",https://www.amazon.com/ChefAide-Ice-Cube-Tray-Lid/dp/B0C1LB9CKH/ref=zg_bs_g_kitchen_d_sccl_7/134-7236384-9371243?psc=1,"https://images-na.ssl-images-amazon.com/images/I/71zj4ejO0LL._AC_UL600_SR600,400_.jpg",#57,https://www.amazon.com/product-reviews/B0C1LB9CKH/ref=zg_bs_g_kitchen_d_sccl_7_cr/134-7236384-9371243,4.4 out of 5 stars,"8,817","NGN 8,681.02",,,,,
"Rubbermaid Brilliance Glass Food Storage Containers, Assorted Sizes, Set of 9, BPA-Free, Leak-Proof, Clear",https://www.amazon.com/Rubbermaid-Brilliance-Storage-Containers-Pieces/dp/B08BR9HBZ3/ref=zg_bs_g_kitchen_d_sccl_8/134-7236384-9371243?psc=1,"https://images-na.ssl-images-amazon.com/images/I/71H+hPWNagL._AC_UL600_SR600,400_.jpg",#58,https://www.amazon.com/product-reviews/B08BR9HBZ3/ref=zg_bs_g_kitchen_d_sccl_8_cr/134-7236384-9371243,4.6 out of 5 stars,"14,053","NGN 109,016.47",,,,,
"Paper Towel Holder Countertop, Standing Paper Roll Holder with Anti Slip Weighted Base, Stainless Steel Freestanding Paper Towel Holder for Kitchen, Black",https://www.amazon.com/Countertop-Standing-Weighted-Stainless-Standard/dp/B0DPSJP47V/ref=zg_bs_g_kitchen_d_sccl_9/134-7236384-9371243?psc=1,"https://images-na.ssl-images-amazon.com/images/I/61qti20RbxL._AC_UL600_SR600,400_.jpg",#59,https://www.amazon.com/product-reviews/B0DPSJP47V/ref=zg_bs_g_kitchen_d_sccl_9_cr/134-7236384-9371243,4.5 out of 5 stars,"4,427","NGN 13,787.50",,,,,
"TILUCK Skinny Can Cooler, Stainless Steel Insulated Slim Cans, 12 oz | Beer & Hard Seltzer, Doucle-Walled Stainless Steel Insulated Slim Cans, Slim 12 oz(Glitter Blush)",https://www.amazon.com/TILUCK-Stainless-Doucle-Walled-Insulated-Standard/dp/B0CF1MDPZ1/ref=zg_bs_g_kitchen_d_sccl_10/134-7236384-9371243?psc=1,"https://images-na.ssl-images-amazon.com/images/I/61AhRmXXC4L._AC_UL600_SR600,400_.jpg",#60,https://www.amazon.com/product-reviews/B0CF1MDPZ1/ref=zg_bs_g_kitchen_d_sccl_10_cr/134-7236384-9371243,4.8 out of 5 stars,"4,912","NGN 17,375.84",,,,,
"Astercook Deep-Carbonized Bamboo Cutting Boards for Kitchen with Wood Storage Stand, Reversible Charcuterie & Chopping Boards with Juice Grooves and Easy-Grip Handles, Fathers Day Gift for Men",https://www.amazon.com/Astercook-Deep-Carbonized-Reversible-Charcuterie-Easy-Grip/dp/B0FH6YL3XC/ref=zg_bs_g_kitchen_d_sccl_11/134-7236384-9371243?psc=1,"https://images-na.ssl-images-amazon.com/images/I/91xky+JYmZL._AC_UL600_SR600,400_.jpg",#61,https://www.amazon.com/product-reviews/B0FH6YL3XC/ref=zg_bs_g_kitchen_d_sccl_11_cr/134-7236384-9371243,4.5 out of 5 stars,"2,282","NGN 34,489.45",,,,,
"SENSARTE Nonstick Frying Pan Skillet, Swiss Granite Coating Omelette Pan, Healthy Stone Cookware Chef's Pan, PFOA Free (9.5 Inch)",https://www.amazon.com/SENSARTE-Nonstick-Frying-Pan-Skillet/dp/B086PHS2V8/ref=zg_bs_g_kitchen_d_sccl_12/134-7236384-9371243?psc=1,"https://images-na.ssl-images-amazon.com/images/I/61b-tqU2xoL._AC_UL600_SR600,400_.jpg",#62,https://www.amazon.com/product-reviews/B086PHS2V8/ref=zg_bs_g_kitchen_d_sccl_12_cr/134-7236384-9371243,4.5 out of 5 stars,"34,341","NGN 24,828.54",,,,,
"Tongs For Cooking - Heat Resistant 600 Degrees Stainless Steel Kitchen Tong,Heavy Duty Metal Locking Tongs - Perfect for Food,Salad and BBQ set of 3 (7"",9"" and 12"") Dishwasher",https://www.amazon.com/Eddeas-Kitchen-Tongs-Ergonomic-Stainless/dp/B093C29J8H/ref=zg_bs_g_kitchen_d_sccl_13/134-7236384-9371243?psc=1,"https://images-na.ssl-images-amazon.com/images/I/613HXCnsNKL._AC_UL600_SR600,400_.jpg",#63,https://www.amazon.com/product-reviews/B093C29J8H/ref=zg_bs_g_kitchen_d_sccl_13_cr/134-7236384-9371243,4.8 out of 5 stars,"3,842","NGN 19,073.40",,,,,
"Mueller The Real Original Pro Chopper since 2013 Vegetable Chopper Mandoline Slicer, 8 Blade Food Veggie Chopper Onion Vegetable Cutter with Container, Kitchen Gadgets & Essentials, (10 in 1)",https://www.amazon.com/Mueller-Austria-Vegetable-Chopper-Mandoline/dp/B08N9Q24M9/ref=zg_bs_g_kitchen_d_sccl_14/134-7236384-9371243?psc=1,"https://images-na.ssl-images-amazon.com/images/I/81+tBoD7McL._AC_UL600_SR600,400_.jpg",#64,https://www.amazon.com/product-reviews/B08N9Q24M9/ref=zg_bs_g_kitchen_d_sccl_14_cr/134-7236384-9371243,4.5 out of 5 stars,"33,367","NGN 37,249.71",,,,,
"Elite Gourmet EGC115B Easy Egg Cooker Electric 7-Egg Capacity, Soft, Medium, Hard-Boiled Egg Cooker with Auto Shut-Off, Measuring Cup Included, BPA Free, Classic Black",https://www.amazon.com/Elite-Gourmet-EGC115B-Hard-Boiled-Measuring/dp/B0C5HRJHGL/ref=zg_bs_g_kitchen_d_sccl_15/134-7236384-9371243?psc=1,"https://images-na.ssl-images-amazon.com/images/I/61f7owQC8UL._AC_UL600_SR600,400_.jpg",#65,https://www.amazon.com/product-reviews/B0C5HRJHGL/ref=zg_bs_g_kitchen_d_sccl_15_cr/134-7236384-9371243,4.5 out of 5 stars,"14,628","NGN 15,222.83",,,,,
"THERMOS FUNTAINER Water Bottle with Straw - 12 Ounce - Kids Stainless Steel Vacuum Insulated Water Bottle with Lid, Construction",https://www.amazon.com/THERMOS-FUNTAINER-Water-Bottle-Straw/dp/B0F2BF31PW/ref=zg_bs_g_kitchen_d_sccl_16/134-7236384-9371243?psc=1,"https://images-na.ssl-images-amazon.com/images/I/717sCJ7vxQL._AC_UL600_SR600,400_.jpg",#66,https://www.amazon.com/product-reviews/B0F2BF31PW/ref=zg_bs_g_kitchen_d_sccl_16_cr/134-7236384-9371243,4.7 out of 5 stars,"47,996","NGN 21,792.25",,,,,
"AROMA Digital Rice Cooker, 4-Cup (Uncooked) / 8-Cup (Cooked), Steamer, Grain Cooker, Multicooker, 2 Qt, Stainless Steel Exterior, ARC-914SBD",https://www.amazon.com/Aroma-Housewares-ARC-914SBD-Cool-Touch-Stainless/dp/B007WQ9YNO/ref=zg_bs_g_kitchen_d_sccl_17/134-7236384-9371243?psc=1,"https://images-na.ssl-images-amazon.com/images/I/71-U1rX30iL._AC_UL600_SR600,400_.jpg",#67,https://www.amazon.com/product-reviews/B007WQ9YNO/ref=zg_bs_g_kitchen_d_sccl_17_cr/134-7236384-9371243,4.5 out of 5 stars,"64,916","NGN 42,853.04",,,,,
"CAROTE Nonstick Frying Pan Skillet,Non Stick Granite Fry Pan Egg Pan Omelet Pans, Stone Cookware Chef's Pan, PFOA Free,Induction Compatible(Classic Granite, 8-Inch)",https://www.amazon.com/Nonstick-Skillet-Cookware-Granite-Coating/dp/B0732NXYNS/ref=zg_bs_g_kitchen_d_sccl_18/134-7236384-9371243?psc=1,"https://images-na.ssl-images-amazon.com/images/I/813pNQFeaeL._AC_UL600_SR600,400_.jpg",#68,https://www.amazon.com/product-reviews/B0732NXYNS/ref=zg_bs_g_kitchen_d_sccl_18_cr/134-7236384-9371243,4.6 out of 5 stars,"35,040","NGN 20,688.15",,,,,
"Jin&Bao Waterproof Under Sink Mat 34"" x 22"", Thick Silicone Mat Cabinet Protector for Kitchen and Bathroom, Shelf Liner, Home Organizer and Storage, Multipurpose Tray for Gadgets and Essentials",https://www.amazon.com/Jin-Bao-Waterproof-Under-Sink-Mat/dp/B0FCBWHPZX/ref=zg_bs_g_kitchen_d_sccl_19/134-7236384-9371243?psc=1,"https://images-na.ssl-images-amazon.com/images/I/71X-DdNgIvL._AC_UL600_SR600,400_.jpg",#69,https://www.amazon.com/product-reviews/B0FCBWHPZX/ref=zg_bs_g_kitchen_d_sccl_19_cr/134-7236384-9371243,4.7 out of 5 stars,"2,360","NGN 20,688.15",,,,,
"Paper Towel Holder, Self Adhesive or Drilling Paper Towel Holder Under Cabinet, Stainless Steel Black Paper Towel Holders Wall Mount for Kitchen, Bathroom, Sink, Pantry, Fridge",https://www.amazon.com/Adhesive-Drilling-Cabinet-Stainless-Bathroom/dp/B0CC27124P/ref=zg_bs_g_kitchen_d_sccl_20/134-7236384-9371243?psc=1,"https://images-na.ssl-images-amazon.com/images/I/61vCoDRLyxL._AC_UL600_SR600,400_.jpg",#70,https://www.amazon.com/product-reviews/B0CC27124P/ref=zg_bs_g_kitchen_d_sccl_20_cr/134-7236384-9371243,4.5 out of 5 stars,"5,572","NGN 11,027.24",,,,,
"Spring Chef Heavy Duty Ice Cream Scoop with Comfortable Handle - Professional Ice Cream Scooper for Gelato, Sorbet, Cookie Dough, Melon, Frozen Yogurt - Dishwasher Safe Metal Kitchen Tool - Black",https://www.amazon.com/Spring-Chef-Cream-Comfortable-Handle/dp/B01CX2EZ3K/ref=zg_bs_g_kitchen_d_sccl_21/134-7236384-9371243?psc=1,"https://images-na.ssl-images-amazon.com/images/I/71L8eY2-b1L._AC_UL600_SR600,400_.jpg",#71,https://www.amazon.com/product-reviews/B01CX2EZ3K/ref=zg_bs_g_kitchen_d_sccl_21_cr/134-7236384-9371243,4.8 out of 5 stars,"48,849","NGN 13,787.50",,,,,
,https://www.amazon.com/HydroJug-Everyday-Tumbler-Ceramic-Lined-Double-Wall/dp/B0FXYGCYK6/ref=zg_bs_g_kitchen_d_sccl_22/134-7236384-9371243?psc=1,"https://images-na.ssl-images-amazon.com/images/I/618CuD7obDL._AC_UL600_SR600,400_.jpg",#72,https://www.amazon.com/product-reviews/B0FXYGCYK6/ref=zg_bs_g_kitchen_d_sccl_22_cr/134-7236384-9371243,4.3 out of 5 stars,886,,,,,,
"Meat Chopper, Hamburger Grinder, Premium Heat Resistant Smasher for Ground Beef, Burger Grinder Nylon Potato Mix Tool, Meat & Poultry Tenderizers-Black",https://www.amazon.com/Chopper-Hamburger-Premium-Resistant-Smasher/dp/B08JKXDFQ9/ref=zg_bs_g_kitchen_d_sccl_23/134-7236384-9371243?psc=1,"https://images-na.ssl-images-amazon.com/images/I/61FoHl7OBqL._AC_UL600_SR600,400_.jpg",#73,https://www.amazon.com/product-reviews/B08JKXDFQ9/ref=zg_bs_g_kitchen_d_sccl_23_cr/134-7236384-9371243,4.7 out of 5 stars,"19,608","NGN 13,787.50",,,,,
"Sok It JavaSok Iced Coffee & Cold Soda Insulated Neoprene Cup Sleeve (Blue Ridge, Medium: 22-28oz)",https://www.amazon.com/Sok-Java-Coffee-Insulated-Neoprene/dp/B0BYB6M6Q4/ref=zg_bs_g_kitchen_d_sccl_24/134-7236384-9371243?psc=1,"https://images-na.ssl-images-amazon.com/images/I/61kGbKvf0fL._AC_UL600_SR600,400_.jpg",#74,https://www.amazon.com/product-reviews/B0BYB6M6Q4/ref=zg_bs_g_kitchen_d_sccl_24_cr/134-7236384-9371243,4.8 out of 5 stars,"34,035","NGN 23,448.41",,,,,
"Spreccio Mason Jar Pitcher, 64 oz (2 quart), Glass Pitcher with Lid | Airtight, Leak proof, Ergonomic Handle, Pour Spout Lid, Fridge Safe, for Sun Tea, Iced Tea, Cold Brew, Lemonade, Outside",https://www.amazon.com/Spreccio-Mason-Jar-Pitcher-Breastmilk/dp/B0DGCVK1JL/ref=zg_bs_g_kitchen_d_sccl_25/134-7236384-9371243?psc=1,"https://images-na.ssl-images-amazon.com/images/I/71aq3ah+siL._AC_UL600_SR600,400_.jpg",#75,https://www.amazon.com/product-reviews/B0DGCVK1JL/ref=zg_bs_g_kitchen_d_sccl_25_cr/134-7236384-9371243,4.7 out of 5 stars,"2,573","NGN 31,729.19",,,,,
"Freshmage Fruit Storage Containers for Fridge with Removable Colander, Airtight Food Storage Container, Dishwasher Safe Produce Saver for Refrigerator, Keep Berry Fruit Fresh Longer 4 pcs Small Clear",https://www.amazon.com/Containers-Removable-Colanders-Different-Airtight/dp/B0BY1PBQRD/ref=zg_bs_g_kitchen_d_sccl_26/134-7236384-9371243?psc=1,"https://images-na.ssl-images-amazon.com/images/I/814yHru5eSL._AC_UL600_SR600,400_.jpg",#76,https://www.amazon.com/product-reviews/B0BY1PBQRD/ref=zg_bs_g_kitchen_d_sccl_26_cr/134-7236384-9371243,4.5 out of 5 stars,"4,068","NGN 23,448.41",,,,,
"Cuisinart Can Opener with One-Touch Operation, Electric Can Opener for Kitchen Including Magnetic Lid Holder, Automatic Can Opener with Easy Clean Design and Nonslip Base, Black, CCO-50BKN",https://www.amazon.com/Cuisinart-CCO-50BKN-Deluxe-Electric-Opener/dp/B001C2F5NW/ref=zg_bs_g_kitchen_d_sccl_27/134-7236384-9371243?psc=1,"https://images-na.ssl-images-amazon.com/images/I/51sWDqyBcbL._AC_UL600_SR600,400_.jpg",#77,https://www.amazon.com/product-reviews/B001C2F5NW/ref=zg_bs_g_kitchen_d_sccl_27_cr/134-7236384-9371243,4.5 out of 5 stars,"63,584","NGN 21,750.85",,,,,
"ukeetap Extra Thick Silicone Mat Waterproof with Raised Edge 19” x 12”, BPA Free Non-Slip Dog & Cat Food Mat, Feeding Mat for Food and Water Bowls, Spill Proof Mat to Protect Floors, Gray",https://www.amazon.com/ukeetap-Silicone-Waterproof-Non-Slip-Feeding/dp/B0FNWLJWKG/ref=zg_bs_g_kitchen_d_sccl_28/134-7236384-9371243?psc=1,"https://images-na.ssl-images-amazon.com/images/I/61eKJe3IK5L._AC_UL600_SR600,400_.jpg",#78,https://www.amazon.com/product-reviews/B0FNWLJWKG/ref=zg_bs_g_kitchen_d_sccl_28_cr/134-7236384-9371243,4.7 out of 5 stars,"2,006","NGN 17,927.89",,,,,
"Antonki 2 Pack Digital Timer for Kids, Magnetic Countdown Kitchen Timers for Cooking, Egg, Classroom, Teacher, Exercise, Study, Oven - Battery Included",https://www.amazon.com/Kitchen-Timer-Digital-Countdown-Stopwatch/dp/B07D3BFY6R/ref=zg_bs_g_kitchen_d_sccl_29/134-7236384-9371243?psc=1,"https://images-na.ssl-images-amazon.com/images/I/71KZK08bVeL._AC_UL600_SR600,400_.jpg",#79,https://www.amazon.com/product-reviews/B07D3BFY6R/ref=zg_bs_g_kitchen_d_sccl_29_cr/134-7236384-9371243,4.5 out of 5 stars,"44,809","NGN 7,990.95",,,,,
"Crock-Pot 7-Quart Manual Slow Cooker, Family Size Serves 8+ People & Fits 6-lb Roast, Removable Stoneware with Warming Setting, Dishwasher Safe for Easy Cleanup, Stainless Steel",https://www.amazon.com/Crock-Pot-SCV700SS-Stainless-7-Quart-Manual/dp/B003OAJGJO/ref=zg_bs_g_kitchen_d_sccl_30/134-7236384-9371243?psc=1,"https://images-na.ssl-images-amazon.com/images/I/71pKe7+88ZL._AC_UL600_SR600,400_.jpg",#80,https://www.amazon.com/product-reviews/B003OAJGJO/ref=zg_bs_g_kitchen_d_sccl_30_cr/134-7236384-9371243,4.6 out of 5 stars,"61,770","NGN 42,314.79",,,,,
"iBayam Kitchen Scissors Shears All Purpose Heavy Duty, Protective Sheath | 2-Pack, Ultra-Sharp Stainless Blades, Soft Comfort-Grip, Dishwasher Safe, Cutting Food Cooking Meat Poultry Kitchen Utensils",https://www.amazon.com/iBayam-Scissors-Dishwasher-Multipurpose-Stainless/dp/B08FLKHG8J/ref=zg_bs_g_kitchen_d_sccl_81/134-7236384-9371243?psc=1,"https://images-na.ssl-images-amazon.com/images/I/71By7-pKxiL._AC_UL300_SR300,200_.jpg",#81,https://www.amazon.com/product-reviews/B08FLKHG8J/ref=zg_bs_g_kitchen_d_sccl_81_cr/134-7236384-9371243,4.8 out of 5 stars,"57,036","NGN 12,407.37",,,,,
"Simple Modern Minecraft Kids Water Bottle with Straw Lid | 18oz Insulated Stainless Steel Kids Tumbler & Spill Proof Toddler Cup for School, Girls, Boys | Summit | Minecraft Mashup",https://www.amazon.com/Simple-Modern-Minecraft-Stainless-Insulated/dp/B0DR3DY4W6/ref=zg_bs_g_kitchen_d_sccl_82/134-7236384-9371243?psc=1,"https://images-na.ssl-images-amazon.com/images/I/51nb1KBFQcL._AC_UL300_SR300,200_.jpg",#82,https://www.amazon.com/product-reviews/B0DR3DY4W6/ref=zg_bs_g_kitchen_d_sccl_82_cr/134-7236384-9371243,4.7 out of 5 stars,"7,014","NGN 34,489.45",,,,,
"GORILLA GRIP powerGRIP Drawer Shelf and Cabinet Liner, Thick Strong Hold, Non-Adhesive Liners Protect Kitchen Cabinets and Cupboard, Bathroom Drawers, Easy Install, Breathable Mat, 12"" x10', Beige",https://www.amazon.com/Gorilla-Grip-Drawer-Shelf-Liners/dp/B07W7MG36T/ref=zg_bs_g_kitchen_d_sccl_83/134-7236384-9371243?psc=1,"https://images-na.ssl-images-amazon.com/images/I/71whnTXeQzL._AC_UL300_SR300,200_.jpg",#83,https://www.amazon.com/product-reviews/B07W7MG36T/ref=zg_bs_g_kitchen_d_sccl_83_cr/134-7236384-9371243,4.6 out of 5 stars,"30,713","NGN 20,688.15",,,,,
"Vtopmart 6 Pack Clear Stackable Storage Bins with Lids, Large Plastic Containers with Handle for Pantry Organizer and Storage,Perfect for Bathroom,Cabinet,Kitchen,Fridge,Closet Organization",https://www.amazon.com/Stackable-Vtopmart-Organization-Containers-Bathroom/dp/B0BC8VSWC7/ref=zg_bs_g_kitchen_d_sccl_84/134-7236384-9371243?psc=1,"https://images-na.ssl-images-amazon.com/images/I/81tHqvDlUyL._AC_UL300_SR300,200_.jpg",#84,https://www.amazon.com/product-reviews/B0BC8VSWC7/ref=zg_bs_g_kitchen_d_sccl_84_cr/134-7236384-9371243,4.6 out of 5 stars,"6,356","NGN 38,491.83",,,,,
"REALINN Under Sink Organizer, Pull Out Cabinet Organizer, 2 Tier Metal Slide Out Shelf with L Shaped Design for Kitchen, Bathroom, Laundry, and Utility Cabinet Storage for Deep Cabinets, White, 2 Pack",https://www.amazon.com/REALINN-Organizer-Cabinet-Storage-Bathroom/dp/B0CFQFMC4F/ref=zg_bs_g_kitchen_d_sccl_85/134-7236384-9371243?psc=1,"https://images-na.ssl-images-amazon.com/images/I/7190ZkFw6KL._AC_UL300_SR300,200_.jpg",#85,https://www.amazon.com/product-reviews/B0CFQFMC4F/ref=zg_bs_g_kitchen_d_sccl_85_cr/134-7236384-9371243,4.4 out of 5 stars,"15,326","NGN 51,603.06",,,,,
OXO Good Grips Cherry & Olive Pitter - Beet,https://www.amazon.com/OXO-Grips-Cherry-Olive-Pitter/dp/B09QBY636J/ref=zg_bs_g_kitchen_d_sccl_86/134-7236384-9371243?psc=1,"https://images-na.ssl-images-amazon.com/images/I/61wsQCjAKDL._AC_UL300_SR300,200_.jpg",#86,https://www.amazon.com/product-reviews/B09QBY636J/ref=zg_bs_g_kitchen_d_sccl_86_cr/134-7236384-9371243,4.6 out of 5 stars,"4,035","NGN 20,632.94",,,,,
"Astercook Knife Set, 13 Pieces Kitchen Knives Set with Healthy Anti-Rust Coating, Dishwasher Safe, Stainless Steel Chef Knife Sets with 6 Blade Guards, Fathers Day Gift for Men",https://www.amazon.com/Astercook-Kitchen-Anti-Rust-Dishwasher-Stainless/dp/B0D9B96TBX/ref=zg_bs_g_kitchen_d_sccl_87/134-7236384-9371243?psc=1,"https://images-na.ssl-images-amazon.com/images/I/714bnp4jQrL._AC_UL300_SR300,200_.jpg",#87,https://www.amazon.com/product-reviews/B0D9B96TBX/ref=zg_bs_g_kitchen_d_sccl_87_cr/134-7236384-9371243,4.8 out of 5 stars,"6,068","NGN 48,000.92",,,,,
"Tovolo Collapsible Microwave Splatter Cover, Charcoal Gray, Medium 10.5"" in",https://www.amazon.com/Microwave-Splatter-Cover-Food-Collapsible-Silicone-Guard-Lid/dp/B07GTC4NCV/ref=zg_bs_g_kitchen_d_sccl_88/134-7236384-9371243?psc=1,"https://images-na.ssl-images-amazon.com/images/I/71XMdFy300L._AC_UL300_SR300,200_.jpg",#88,https://www.amazon.com/product-reviews/B07GTC4NCV/ref=zg_bs_g_kitchen_d_sccl_88_cr/134-7236384-9371243,4.6 out of 5 stars,"83,525","NGN 13,787.50",,,,,
"Tovolo Collapsible Microwave Splatter Cover, Charcoal Gray, Medium 10.5"" in",https://www.amazon.com/Microwave-Splatter-Cover-Food-Collapsible-Silicone-Guard-Lid/dp/B07GTC4NCV/ref=zg_bs_g_kitchen_d_sccl_88/134-7236384-9371243?psc=1,"https://images-na.ssl-images-amazon.com/images/I/71XMdFy300L._AC_UL300_SR300,200_.jpg",#88,https://www.amazon.com/product-reviews/B07GTC4NCV/ref=zg_bs_g_kitchen_d_sccl_88_cr/134-7236384-9371243,4.6 out of 5 stars,"83,525","NGN 13,787.50","Simple Modern Disney Kids Lunch Box for School | Reusable Insulated Lunch Bag for Toddler, Girl, and Boy | Meal Containers with Exterior & Interior Pockets | Hadley Collection | Princess Rainbows",https://www.amazon.com/product-reviews/B0C15F9HV4/ref=zg_bs_g_kitchen_d_sccl_1_cr/134-7236384-9371243,4.8 out of 5 stars,"3,207","NGN 41,390.10"
"Tovolo Collapsible Microwave Splatter Cover, Charcoal Gray, Medium 10.5"" in",https://www.amazon.com/Microwave-Splatter-Cover-Food-Collapsible-Silicone-Guard-Lid/dp/B07GTC4NCV/ref=zg_bs_g_kitchen_d_sccl_88/134-7236384-9371243?psc=1,"https://images-na.ssl-images-amazon.com/images/I/71XMdFy300L._AC_UL300_SR300,200_.jpg",#88,https://www.amazon.com/product-reviews/B07GTC4NCV/ref=zg_bs_g_kitchen_d_sccl_88_cr/134-7236384-9371243,4.6 out of 5 stars,"83,525","NGN 13,787.50","KitchenAid Ribbed Soft Silicone Pot Holder 2-Pack Set, Milkshake Tan, 7""x9""",https://www.amazon.com/product-reviews/B08J8H7BQG/ref=zg_bs_g_kitchen_d_sccl_2_cr/134-7236384-9371243,4.6 out of 5 stars,"10,212","NGN 11,510.28"
"Tovolo Collapsible Microwave Splatter Cover, Charcoal Gray, Medium 10.5"" in",https://www.amazon.com/Microwave-Splatter-Cover-Food-Collapsible-Silicone-Guard-Lid/dp/B07GTC4NCV/ref=zg_bs_g_kitchen_d_sccl_88/134-7236384-9371243?psc=1,"https://images-na.ssl-images-amazon.com/images/I/71XMdFy300L._AC_UL300_SR300,200_.jpg",#88,https://www.amazon.com/product-reviews/B07GTC4NCV/ref=zg_bs_g_kitchen_d_sccl_88_cr/134-7236384-9371243,4.6 out of 5 stars,"83,525","NGN 13,787.50","Ninja Air Fryer with Air Crisp | 5 QT Capacity fits up to 4lbs of Fries | 4-in-1 Pro Air Fry, Roast, Reheat, Dehydrate | 400°F Max Temp | 1750 Watts | W/Nonstick Basket & Crisper Plate | Grey | AF141",https://www.amazon.com/product-reviews/B0CSZ7WBYW/ref=zg_bs_g_kitchen_d_sccl_3_cr/134-7236384-9371243,4.7 out of 5 stars,"8,266","NGN 87,224.22"
"Tovolo Collapsible Microwave Splatter Cover, Charcoal Gray, Medium 10.5"" in",https://www.amazon.com/Microwave-Splatter-Cover-Food-Collapsible-Silicone-Guard-Lid/dp/B07GTC4NCV/ref=zg_bs_g_kitchen_d_sccl_88/134-7236384-9371243?psc=1,"https://images-na.ssl-images-amazon.com/images/I/71XMdFy300L._AC_UL300_SR300,200_.jpg",#88,https://www.amazon.com/product-reviews/B07GTC4NCV/ref=zg_bs_g_kitchen_d_sccl_88_cr/134-7236384-9371243,4.6 out of 5 stars,"83,525","NGN 13,787.50","Owala Marvel Potter FreeSip Insulated Stainless Steel Water Bottle with Straw for Sports and Travel, BPA-Free Sports Water Bottle, 24 oz, Spiderman",https://www.amazon.com/product-reviews/B0CBCRC1RK/ref=zg_bs_g_kitchen_d_sccl_4_cr/134-7236384-9371243,4.8 out of 5 stars,"15,604","NGN 100,735.69"
"Tovolo Collapsible Microwave Splatter Cover, Charcoal Gray, Medium 10.5"" in",https://www.amazon.com/Microwave-Splatter-Cover-Food-Collapsible-Silicone-Guard-Lid/dp/B07GTC4NCV/ref=zg_bs_g_kitchen_d_sccl_88/134-7236384-9371243?psc=1,"https://images-na.ssl-images-amazon.com/images/I/71XMdFy300L._AC_UL300_SR300,200_.jpg",#88,https://www.amazon.com/product-reviews/B07GTC4NCV/ref=zg_bs_g_kitchen_d_sccl_88_cr/134-7236384-9371243,4.6 out of 5 stars,"83,525","NGN 13,787.50","THERMOS FUNTAINER Water Bottle with Straw - 12 Ounce - Kids Stainless Steel Vacuum Insulated Water Bottle with Lid, Bluey",https://www.amazon.com/product-reviews/B0C3NKW6F1/ref=zg_bs_g_kitchen_d_sccl_5_cr/134-7236384-9371243,4.7 out of 5 stars,"37,491","NGN 19,418.43"
"Tovolo Collapsible Microwave Splatter Cover, Charcoal Gray, Medium 10.5"" in",https://www.amazon.com/Microwave-Splatter-Cover-Food-Collapsible-Silicone-Guard-Lid/dp/B07GTC4NCV/ref=zg_bs_g_kitchen_d_sccl_88/134-7236384-9371243?psc=1,"https://images-na.ssl-images-amazon.com/images/I/71XMdFy300L._AC_UL300_SR300,200_.jpg",#88,https://www.amazon.com/product-reviews/B07GTC4NCV/ref=zg_bs_g_kitchen_d_sccl_88_cr/134-7236384-9371243,4.6 out of 5 stars,"83,525","NGN 13,787.50","Owala Kids Insulation Stainless Steel Tumbler with Spill Resistant Flexible Straw, Easy to Clean, Kids Water Bottle, Great for Travel, Dishwasher Safe, 12 Oz, Blue and Light Green (Turtley Awesome)",https://www.amazon.com/product-reviews/B0CR5HLCVQ/ref=zg_bs_g_kitchen_d_sccl_6_cr/134-7236384-9371243,4.4 out of 5 stars,"7,952","NGN 17,831.28"
"Tovolo Collapsible Microwave Splatter Cover, Charcoal Gray, Medium 10.5"" in",https://www.amazon.com/Microwave-Splatter-Cover-Food-Collapsible-Silicone-Guard-Lid/dp/B07GTC4NCV/ref=zg_bs_g_kitchen_d_sccl_88/134-7236384-9371243?psc=1,"https://images-na.ssl-images-amazon.com/images/I/71XMdFy300L._AC_UL300_SR300,200_.jpg",#88,https://www.amazon.com/product-reviews/B07GTC4NCV/ref=zg_bs_g_kitchen_d_sccl_88_cr/134-7236384-9371243,4.6 out of 5 stars,"83,525","NGN 13,787.50","ChefAide 4‑Pack Ice Cube Trays with Lids, 56‑Cube Total Stackable Freezer Ice Trays, Durable Silicone & Plastic Easy‑Release Ice Molds for Cocktails, Coffee & Drinks",https://www.amazon.com/product-reviews/B0C1LB9CKH/ref=zg_bs_g_kitchen_d_sccl_7_cr/134-7236384-9371243,4.4 out of 5 stars,"8,817","NGN 8,681.02"
"Tovolo Collapsible Microwave Splatter Cover, Charcoal Gray, Medium 10.5"" in",https://www.amazon.com/Microwave-Splatter-Cover-Food-Collapsible-Silicone-Guard-Lid/dp/B07GTC4NCV/ref=zg_bs_g_kitchen_d_sccl_88/134-7236384-9371243?psc=1,"https://images-na.ssl-images-amazon.com/images/I/71XMdFy300L._AC_UL300_SR300,200_.jpg",#88,https://www.amazon.com/product-reviews/B07GTC4NCV/ref=zg_bs_g_kitchen_d_sccl_88_cr/134-7236384-9371243,4.6 out of 5 stars,"83,525","NGN 13,787.50","Rubbermaid Brilliance Glass Food Storage Containers, Assorted Sizes, Set of 9, BPA-Free, Leak-Proof, Clear",https://www.amazon.com/product-reviews/B08BR9HBZ3/ref=zg_bs_g_kitchen_d_sccl_8_cr/134-7236384-9371243,4.6 out of 5 stars,"14,053","NGN 109,016.47"
"Tovolo Collapsible Microwave Splatter Cover, Charcoal Gray, Medium 10.5"" in",https://www.amazon.com/Microwave-Splatter-Cover-Food-Collapsible-Silicone-Guard-Lid/dp/B07GTC4NCV/ref=zg_bs_g_kitchen_d_sccl_88/134-7236384-9371243?psc=1,"https://images-na.ssl-images-amazon.com/images/I/71XMdFy300L._AC_UL300_SR300,200_.jpg",#88,https://www.amazon.com/product-reviews/B07GTC4NCV/ref=zg_bs_g_kitchen_d_sccl_88_cr/134-7236384-9371243,4.6 out of 5 stars,"83,525","NGN 13,787.50","Paper Towel Holder Countertop, Standing Paper Roll Holder with Anti Slip Weighted Base, Stainless Steel Freestanding Paper Towel Holder for Kitchen, Black",https://www.amazon.com/product-reviews/B0DPSJP47V/ref=zg_bs_g_kitchen_d_sccl_9_cr/134-7236384-9371243,4.5 out of 5 stars,"4,427","NGN 13,787.50"
"Tovolo Collapsible Microwave Splatter Cover, Charcoal Gray, Medium 10.5"" in",https://www.amazon.com/Microwave-Splatter-Cover-Food-Collapsible-Silicone-Guard-Lid/dp/B07GTC4NCV/ref=zg_bs_g_kitchen_d_sccl_88/134-7236384-9371243?psc=1,"https://images-na.ssl-images-amazon.com/images/I/71XMdFy300L._AC_UL300_SR300,200_.jpg",#88,https://www.amazon.com/product-reviews/B07GTC4NCV/ref=zg_bs_g_kitchen_d_sccl_88_cr/134-7236384-9371243,4.6 out of 5 stars,"83,525","NGN 13,787.50","TILUCK Skinny Can Cooler, Stainless Steel Insulated Slim Cans, 12 oz | Beer & Hard Seltzer, Doucle-Walled Stainless Steel Insulated Slim Cans, Slim 12 oz(Glitter Blush)",https://www.amazon.com/product-reviews/B0CF1MDPZ1/ref=zg_bs_g_kitchen_d_sccl_10_cr/134-7236384-9371243,4.8 out of 5 stars,"4,912","NGN 17,375.84"
"Tovolo Collapsible Microwave Splatter Cover, Charcoal Gray, Medium 10.5"" in",https://www.amazon.com/Microwave-Splatter-Cover-Food-Collapsible-Silicone-Guard-Lid/dp/B07GTC4NCV/ref=zg_bs_g_kitchen_d_sccl_88/134-7236384-9371243?psc=1,"https://images-na.ssl-images-amazon.com/images/I/71XMdFy300L._AC_UL300_SR300,200_.jpg",#88,https://www.amazon.com/product-reviews/B07GTC4NCV/ref=zg_bs_g_kitchen_d_sccl_88_cr/134-7236384-9371243,4.6 out of 5 stars,"83,525","NGN 13,787.50","Astercook Deep-Carbonized Bamboo Cutting Boards for Kitchen with Wood Storage Stand, Reversible Charcuterie & Chopping Boards with Juice Grooves and Easy-Grip Handles, Fathers Day Gift for Men",https://www.amazon.com/product-reviews/B0FH6YL3XC/ref=zg_bs_g_kitchen_d_sccl_11_cr/134-7236384-9371243,4.5 out of 5 stars,"2,282","NGN 34,489.45"
"Tovolo Collapsible Microwave Splatter Cover, Charcoal Gray, Medium 10.5"" in",https://www.amazon.com/Microwave-Splatter-Cover-Food-Collapsible-Silicone-Guard-Lid/dp/B07GTC4NCV/ref=zg_bs_g_kitchen_d_sccl_88/134-7236384-9371243?psc=1,"https://images-na.ssl-images-amazon.com/images/I/71XMdFy300L._AC_UL300_SR300,200_.jpg",#88,https://www.amazon.com/product-reviews/B07GTC4NCV/ref=zg_bs_g_kitchen_d_sccl_88_cr/134-7236384-9371243,4.6 out of 5 stars,"83,525","NGN 13,787.50","SENSARTE Nonstick Frying Pan Skillet, Swiss Granite Coating Omelette Pan, Healthy Stone Cookware Chef's Pan, PFOA Free (9.5 Inch)",https://www.amazon.com/product-reviews/B086PHS2V8/ref=zg_bs_g_kitchen_d_sccl_12_cr/134-7236384-9371243,4.5 out of 5 stars,"34,341","NGN 24,828.54"
"Tovolo Collapsible Microwave Splatter Cover, Charcoal Gray, Medium 10.5"" in",https://www.amazon.com/Microwave-Splatter-Cover-Food-Collapsible-Silicone-Guard-Lid/dp/B07GTC4NCV/ref=zg_bs_g_kitchen_d_sccl_88/134-7236384-9371243?psc=1,"https://images-na.ssl-images-amazon.com/images/I/71XMdFy300L._AC_UL300_SR300,200_.jpg",#88,https://www.amazon.com/product-reviews/B07GTC4NCV/ref=zg_bs_g_kitchen_d_sccl_88_cr/134-7236384-9371243,4.6 out of 5 stars,"83,525","NGN 13,787.50","Tongs For Cooking - Heat Resistant 600 Degrees Stainless Steel Kitchen Tong,Heavy Duty Metal Locking Tongs - Perfect for Food,Salad and BBQ set of 3 (7"",9"" and 12"") Dishwasher",https://www.amazon.com/product-reviews/B093C29J8H/ref=zg_bs_g_kitchen_d_sccl_13_cr/134-7236384-9371243,4.8 out of 5 stars,"3,842","NGN 19,073.40"
"Tovolo Collapsible Microwave Splatter Cover, Charcoal Gray, Medium 10.5"" in",https://www.amazon.com/Microwave-Splatter-Cover-Food-Collapsible-Silicone-Guard-Lid/dp/B07GTC4NCV/ref=zg_bs_g_kitchen_d_sccl_88/134-7236384-9371243?psc=1,"https://images-na.ssl-images-amazon.com/images/I/71XMdFy300L._AC_UL300_SR300,200_.jpg",#88,https://www.amazon.com/product-reviews/B07GTC4NCV/ref=zg_bs_g_kitchen_d_sccl_88_cr/134-7236384-9371243,4.6 out of 5 stars,"83,525","NGN 13,787.50","Mueller The Real Original Pro Chopper since 2013 Vegetable Chopper Mandoline Slicer, 8 Blade Food Veggie Chopper Onion Vegetable Cutter with Container, Kitchen Gadgets & Essentials, (10 in 1)",https://www.amazon.com/product-reviews/B08N9Q24M9/ref=zg_bs_g_kitchen_d_sccl_14_cr/134-7236384-9371243,4.5 out of 5 stars,"33,367","NGN 37,249.71"
"Tovolo Collapsible Microwave Splatter Cover, Charcoal Gray, Medium 10.5"" in",https://www.amazon.com/Microwave-Splatter-Cover-Food-Collapsible-Silicone-Guard-Lid/dp/B07GTC4NCV/ref=zg_bs_g_kitchen_d_sccl_88/134-7236384-9371243?psc=1,"https://images-na.ssl-images-amazon.com/images/I/71XMdFy300L._AC_UL300_SR300,200_.jpg",#88,https://www.amazon.com/product-reviews/B07GTC4NCV/ref=zg_bs_g_kitchen_d_sccl_88_cr/134-7236384-9371243,4.6 out of 5 stars,"83,525","NGN 13,787.50","Elite Gourmet EGC115B Easy Egg Cooker Electric 7-Egg Capacity, Soft, Medium, Hard-Boiled Egg Cooker with Auto Shut-Off, Measuring Cup Included, BPA Free, Classic Black",https://www.amazon.com/product-reviews/B0C5HRJHGL/ref=zg_bs_g_kitchen_d_sccl_15_cr/134-7236384-9371243,4.5 out of 5 stars,"14,628","NGN 15,222.83"
"Tovolo Collapsible Microwave Splatter Cover, Charcoal Gray, Medium 10.5"" in",https://www.amazon.com/Microwave-Splatter-Cover-Food-Collapsible-Silicone-Guard-Lid/dp/B07GTC4NCV/ref=zg_bs_g_kitchen_d_sccl_88/134-7236384-9371243?psc=1,"https://images-na.ssl-images-amazon.com/images/I/71XMdFy300L._AC_UL300_SR300,200_.jpg",#88,https://www.amazon.com/product-reviews/B07GTC4NCV/ref=zg_bs_g_kitchen_d_sccl_88_cr/134-7236384-9371243,4.6 out of 5 stars,"83,525","NGN 13,787.50","THERMOS FUNTAINER Water Bottle with Straw - 12 Ounce - Kids Stainless Steel Vacuum Insulated Water Bottle with Lid, Construction",https://www.amazon.com/product-reviews/B0F2BF31PW/ref=zg_bs_g_kitchen_d_sccl_16_cr/134-7236384-9371243,4.7 out of 5 stars,"47,996","NGN 21,792.25"
"Tovolo Collapsible Microwave Splatter Cover, Charcoal Gray, Medium 10.5"" in",https://www.amazon.com/Microwave-Splatter-Cover-Food-Collapsible-Silicone-Guard-Lid/dp/B07GTC4NCV/ref=zg_bs_g_kitchen_d_sccl_88/134-7236384-9371243?psc=1,"https://images-na.ssl-images-amazon.com/images/I/71XMdFy300L._AC_UL300_SR300,200_.jpg",#88,https://www.amazon.com/product-reviews/B07GTC4NCV/ref=zg_bs_g_kitchen_d_sccl_88_cr/134-7236384-9371243,4.6 out of 5 stars,"83,525","NGN 13,787.50","AROMA Digital Rice Cooker, 4-Cup (Uncooked) / 8-Cup (Cooked), Steamer, Grain Cooker, Multicooker, 2 Qt, Stainless Steel Exterior, ARC-914SBD",https://www.amazon.com/product-reviews/B007WQ9YNO/ref=zg_bs_g_kitchen_d_sccl_17_cr/134-7236384-9371243,4.5 out of 5 stars,"64,916","NGN 42,853.04"
"Tovolo Collapsible Microwave Splatter Cover, Charcoal Gray, Medium 10.5"" in",https://www.amazon.com/Microwave-Splatter-Cover-Food-Collapsible-Silicone-Guard-Lid/dp/B07GTC4NCV/ref=zg_bs_g_kitchen_d_sccl_88/134-7236384-9371243?psc=1,"https://images-na.ssl-images-amazon.com/images/I/71XMdFy300L._AC_UL300_SR300,200_.jpg",#88,https://www.amazon.com/product-reviews/B07GTC4NCV/ref=zg_bs_g_kitchen_d_sccl_88_cr/134-7236384-9371243,4.6 out of 5 stars,"83,525","NGN 13,787.50","CAROTE Nonstick Frying Pan Skillet,Non Stick Granite Fry Pan Egg Pan Omelet Pans, Stone Cookware Chef's Pan, PFOA Free,Induction Compatible(Classic Granite, 8-Inch)",https://www.amazon.com/product-reviews/B0732NXYNS/ref=zg_bs_g_kitchen_d_sccl_18_cr/134-7236384-9371243,4.6 out of 5 stars,"35,040","NGN 20,688.15"
"Tovolo Collapsible Microwave Splatter Cover, Charcoal Gray, Medium 10.5"" in",https://www.amazon.com/Microwave-Splatter-Cover-Food-Collapsible-Silicone-Guard-Lid/dp/B07GTC4NCV/ref=zg_bs_g_kitchen_d_sccl_88/134-7236384-9371243?psc=1,"https://images-na.ssl-images-amazon.com/images/I/71XMdFy300L._AC_UL300_SR300,200_.jpg",#88,https://www.amazon.com/product-reviews/B07GTC4NCV/ref=zg_bs_g_kitchen_d_sccl_88_cr/134-7236384-9371243,4.6 out of 5 stars,"83,525","NGN 13,787.50","Jin&Bao Waterproof Under Sink Mat 34"" x 22"", Thick Silicone Mat Cabinet Protector for Kitchen and Bathroom, Shelf Liner, Home Organizer and Storage, Multipurpose Tray for Gadgets and Essentials",https://www.amazon.com/product-reviews/B0FCBWHPZX/ref=zg_bs_g_kitchen_d_sccl_19_cr/134-7236384-9371243,4.7 out of 5 stars,"2,360","NGN 20,688.15"
"Tovolo Collapsible Microwave Splatter Cover, Charcoal Gray, Medium 10.5"" in",https://www.amazon.com/Microwave-Splatter-Cover-Food-Collapsible-Silicone-Guard-Lid/dp/B07GTC4NCV/ref=zg_bs_g_kitchen_d_sccl_88/134-7236384-9371243?psc=1,"https://images-na.ssl-images-amazon.com/images/I/71XMdFy300L._AC_UL300_SR300,200_.jpg",#88,https://www.amazon.com/product-reviews/B07GTC4NCV/ref=zg_bs_g_kitchen_d_sccl_88_cr/134-7236384-9371243,4.6 out of 5 stars,"83,525","NGN 13,787.50","Paper Towel Holder, Self Adhesive or Drilling Paper Towel Holder Under Cabinet, Stainless Steel Black Paper Towel Holders Wall Mount for Kitchen, Bathroom, Sink, Pantry, Fridge",https://www.amazon.com/product-reviews/B0CC27124P/ref=zg_bs_g_kitchen_d_sccl_20_cr/134-7236384-9371243,4.5 out of 5 stars,"5,572","NGN 11,027.24"
"Tovolo Collapsible Microwave Splatter Cover, Charcoal Gray, Medium 10.5"" in",https://www.amazon.com/Microwave-Splatter-Cover-Food-Collapsible-Silicone-Guard-Lid/dp/B07GTC4NCV/ref=zg_bs_g_kitchen_d_sccl_88/134-7236384-9371243?psc=1,"https://images-na.ssl-images-amazon.com/images/I/71XMdFy300L._AC_UL300_SR300,200_.jpg",#88,https://www.amazon.com/product-reviews/B07GTC4NCV/ref=zg_bs_g_kitchen_d_sccl_88_cr/134-7236384-9371243,4.6 out of 5 stars,"83,525","NGN 13,787.50","Spring Chef Heavy Duty Ice Cream Scoop with Comfortable Handle - Professional Ice Cream Scooper for Gelato, Sorbet, Cookie Dough, Melon, Frozen Yogurt - Dishwasher Safe Metal Kitchen Tool - Black",https://www.amazon.com/product-reviews/B01CX2EZ3K/ref=zg_bs_g_kitchen_d_sccl_21_cr/134-7236384-9371243,4.8 out of 5 stars,"48,849","NGN 13,787.50"
"Tovolo Collapsible Microwave Splatter Cover, Charcoal Gray, Medium 10.5"" in",https://www.amazon.com/Microwave-Splatter-Cover-Food-Collapsible-Silicone-Guard-Lid/dp/B07GTC4NCV/ref=zg_bs_g_kitchen_d_sccl_88/134-7236384-9371243?psc=1,"https://images-na.ssl-images-amazon.com/images/I/71XMdFy300L._AC_UL300_SR300,200_.jpg",#88,https://www.amazon.com/product-reviews/B07GTC4NCV/ref=zg_bs_g_kitchen_d_sccl_88_cr/134-7236384-9371243,4.6 out of 5 stars,"83,525","NGN 13,787.50",,https://www.amazon.com/product-reviews/B0FXYGCYK6/ref=zg_bs_g_kitchen_d_sccl_22_cr/134-7236384-9371243,4.3 out of 5 stars,886,
"Tovolo Collapsible Microwave Splatter Cover, Charcoal Gray, Medium 10.5"" in",https://www.amazon.com/Microwave-Splatter-Cover-Food-Collapsible-Silicone-Guard-Lid/dp/B07GTC4NCV/ref=zg_bs_g_kitchen_d_sccl_88/134-7236384-9371243?psc=1,"https://images-na.ssl-images-amazon.com/images/I/71XMdFy300L._AC_UL300_SR300,200_.jpg",#88,https://www.amazon.com/product-reviews/B07GTC4NCV/ref=zg_bs_g_kitchen_d_sccl_88_cr/134-7236384-9371243,4.6 out of 5 stars,"83,525","NGN 13,787.50","Meat Chopper, Hamburger Grinder, Premium Heat Resistant Smasher for Ground Beef, Burger Grinder Nylon Potato Mix Tool, Meat & Poultry Tenderizers-Black",https://www.amazon.com/product-reviews/B08JKXDFQ9/ref=zg_bs_g_kitchen_d_sccl_23_cr/134-7236384-9371243,4.7 out of 5 stars,"19,608","NGN 13,787.50"
"Tovolo Collapsible Microwave Splatter Cover, Charcoal Gray, Medium 10.5"" in",https://www.amazon.com/Microwave-Splatter-Cover-Food-Collapsible-Silicone-Guard-Lid/dp/B07GTC4NCV/ref=zg_bs_g_kitchen_d_sccl_88/134-7236384-9371243?psc=1,"https://images-na.ssl-images-amazon.com/images/I/71XMdFy300L._AC_UL300_SR300,200_.jpg",#88,https://www.amazon.com/product-reviews/B07GTC4NCV/ref=zg_bs_g_kitchen_d_sccl_88_cr/134-7236384-9371243,4.6 out of 5 stars,"83,525","NGN 13,787.50","Sok It JavaSok Iced Coffee & Cold Soda Insulated Neoprene Cup Sleeve (Blue Ridge, Medium: 22-28oz)",https://www.amazon.com/product-reviews/B0BYB6M6Q4/ref=zg_bs_g_kitchen_d_sccl_24_cr/134-7236384-9371243,4.8 out of 5 stars,"34,035","NGN 23,448.41"
"Tovolo Collapsible Microwave Splatter Cover, Charcoal Gray, Medium 10.5"" in",https://www.amazon.com/Microwave-Splatter-Cover-Food-Collapsible-Silicone-Guard-Lid/dp/B07GTC4NCV/ref=zg_bs_g_kitchen_d_sccl_88/134-7236384-9371243?psc=1,"https://images-na.ssl-images-amazon.com/images/I/71XMdFy300L._AC_UL300_SR300,200_.jpg",#88,https://www.amazon.com/product-reviews/B07GTC4NCV/ref=zg_bs_g_kitchen_d_sccl_88_cr/134-7236384-9371243,4.6 out of 5 stars,"83,525","NGN 13,787.50","Spreccio Mason Jar Pitcher, 64 oz (2 quart), Glass Pitcher with Lid | Airtight, Leak proof, Ergonomic Handle, Pour Spout Lid, Fridge Safe, for Sun Tea, Iced Tea, Cold Brew, Lemonade, Outside",https://www.amazon.com/product-reviews/B0DGCVK1JL/ref=zg_bs_g_kitchen_d_sccl_25_cr/134-7236384-9371243,4.7 out of 5 stars,"2,573","NGN 31,729.19"
"Tovolo Collapsible Microwave Splatter Cover, Charcoal Gray, Medium 10.5"" in",https://www.amazon.com/Microwave-Splatter-Cover-Food-Collapsible-Silicone-Guard-Lid/dp/B07GTC4NCV/ref=zg_bs_g_kitchen_d_sccl_88/134-7236384-9371243?psc=1,"https://images-na.ssl-images-amazon.com/images/I/71XMdFy300L._AC_UL300_SR300,200_.jpg",#88,https://www.amazon.com/product-reviews/B07GTC4NCV/ref=zg_bs_g_kitchen_d_sccl_88_cr/134-7236384-9371243,4.6 out of 5 stars,"83,525","NGN 13,787.50","Freshmage Fruit Storage Containers for Fridge with Removable Colander, Airtight Food Storage Container, Dishwasher Safe Produce Saver for Refrigerator, Keep Berry Fruit Fresh Longer 4 pcs Small Clear",https://www.amazon.com/product-reviews/B0BY1PBQRD/ref=zg_bs_g_kitchen_d_sccl_26_cr/134-7236384-9371243,4.5 out of 5 stars,"4,068","NGN 23,448.41"
"Tovolo Collapsible Microwave Splatter Cover, Charcoal Gray, Medium 10.5"" in",https://www.amazon.com/Microwave-Splatter-Cover-Food-Collapsible-Silicone-Guard-Lid/dp/B07GTC4NCV/ref=zg_bs_g_kitchen_d_sccl_88/134-7236384-9371243?psc=1,"https://images-na.ssl-images-amazon.com/images/I/71XMdFy300L._AC_UL300_SR300,200_.jpg",#88,https://www.amazon.com/product-reviews/B07GTC4NCV/ref=zg_bs_g_kitchen_d_sccl_88_cr/134-7236384-9371243,4.6 out of 5 stars,"83,525","NGN 13,787.50","Cuisinart Can Opener with One-Touch Operation, Electric Can Opener for Kitchen Including Magnetic Lid Holder, Automatic Can Opener with Easy Clean Design and Nonslip Base, Black, CCO-50BKN",https://www.amazon.com/product-reviews/B001C2F5NW/ref=zg_bs_g_kitchen_d_sccl_27_cr/134-7236384-9371243,4.5 out of 5 stars,"63,584","NGN 21,750.85"
"Tovolo Collapsible Microwave Splatter Cover, Charcoal Gray, Medium 10.5"" in",https://www.amazon.com/Microwave-Splatter-Cover-Food-Collapsible-Silicone-Guard-Lid/dp/B07GTC4NCV/ref=zg_bs_g_kitchen_d_sccl_88/134-7236384-9371243?psc=1,"https://images-na.ssl-images-amazon.com/images/I/71XMdFy300L._AC_UL300_SR300,200_.jpg",#88,https://www.amazon.com/product-reviews/B07GTC4NCV/ref=zg_bs_g_kitchen_d_sccl_88_cr/134-7236384-9371243,4.6 out of 5 stars,"83,525","NGN 13,787.50","ukeetap Extra Thick Silicone Mat Waterproof with Raised Edge 19” x 12”, BPA Free Non-Slip Dog & Cat Food Mat, Feeding Mat for Food and Water Bowls, Spill Proof Mat to Protect Floors, Gray",https://www.amazon.com/product-reviews/B0FNWLJWKG/ref=zg_bs_g_kitchen_d_sccl_28_cr/134-7236384-9371243,4.7 out of 5 stars,"2,006","NGN 17,927.89"
"Tovolo Collapsible Microwave Splatter Cover, Charcoal Gray, Medium 10.5"" in",https://www.amazon.com/Microwave-Splatter-Cover-Food-Collapsible-Silicone-Guard-Lid/dp/B07GTC4NCV/ref=zg_bs_g_kitchen_d_sccl_88/134-7236384-9371243?psc=1,"https://images-na.ssl-images-amazon.com/images/I/71XMdFy300L._AC_UL300_SR300,200_.jpg",#88,https://www.amazon.com/product-reviews/B07GTC4NCV/ref=zg_bs_g_kitchen_d_sccl_88_cr/134-7236384-9371243,4.6 out of 5 stars,"83,525","NGN 13,787.50","Antonki 2 Pack Digital Timer for Kids, Magnetic Countdown Kitchen Timers for Cooking, Egg, Classroom, Teacher, Exercise, Study, Oven - Battery Included",https://www.amazon.com/product-reviews/B07D3BFY6R/ref=zg_bs_g_kitchen_d_sccl_29_cr/134-7236384-9371243,4.5 out of 5 stars,"44,809","NGN 7,990.95"
"Tovolo Collapsible Microwave Splatter Cover, Charcoal Gray, Medium 10.5"" in",https://www.amazon.com/Microwave-Splatter-Cover-Food-Collapsible-Silicone-Guard-Lid/dp/B07GTC4NCV/ref=zg_bs_g_kitchen_d_sccl_88/134-7236384-9371243?psc=1,"https://images-na.ssl-images-amazon.com/images/I/71XMdFy300L._AC_UL300_SR300,200_.jpg",#88,https://www.amazon.com/product-reviews/B07GTC4NCV/ref=zg_bs_g_kitchen_d_sccl_88_cr/134-7236384-9371243,4.6 out of 5 stars,"83,525","NGN 13,787.50","Crock-Pot 7-Quart Manual Slow Cooker, Family Size Serves 8+ People & Fits 6-lb Roast, Removable Stoneware with Warming Setting, Dishwasher Safe for Easy Cleanup, Stainless Steel",https://www.amazon.com/product-reviews/B003OAJGJO/ref=zg_bs_g_kitchen_d_sccl_30_cr/134-7236384-9371243,4.6 out of 5 stars,"61,770","NGN 42,314.79"
"Tovolo Collapsible Microwave Splatter Cover, Charcoal Gray, Medium 10.5"" in",https://www.amazon.com/Microwave-Splatter-Cover-Food-Collapsible-Silicone-Guard-Lid/dp/B07GTC4NCV/ref=zg_bs_g_kitchen_d_sccl_88/134-7236384-9371243?psc=1,"https://images-na.ssl-images-amazon.com/images/I/71XMdFy300L._AC_UL300_SR300,200_.jpg",#88,https://www.amazon.com/product-reviews/B07GTC4NCV/ref=zg_bs_g_kitchen_d_sccl_88_cr/134-7236384-9371243,4.6 out of 5 stars,"83,525","NGN 13,787.50","iBayam Kitchen Scissors Shears All Purpose Heavy Duty, Protective Sheath | 2-Pack, Ultra-Sharp Stainless Blades, Soft Comfort-Grip, Dishwasher Safe, Cutting Food Cooking Meat Poultry Kitchen Utensils",https://www.amazon.com/product-reviews/B08FLKHG8J/ref=zg_bs_g_kitchen_d_sccl_81_cr/134-7236384-9371243,4.8 out of 5 stars,"57,036","NGN 12,407.37"
"Tovolo Collapsible Microwave Splatter Cover, Charcoal Gray, Medium 10.5"" in",https://www.amazon.com/Microwave-Splatter-Cover-Food-Collapsible-Silicone-Guard-Lid/dp/B07GTC4NCV/ref=zg_bs_g_kitchen_d_sccl_88/134-7236384-9371243?psc=1,"https://images-na.ssl-images-amazon.com/images/I/71XMdFy300L._AC_UL300_SR300,200_.jpg",#88,https://www.amazon.com/product-reviews/B07GTC4NCV/ref=zg_bs_g_kitchen_d_sccl_88_cr/134-7236384-9371243,4.6 out of 5 stars,"83,525","NGN 13,787.50","Simple Modern Minecraft Kids Water Bottle with Straw Lid | 18oz Insulated Stainless Steel Kids Tumbler & Spill Proof Toddler Cup for School, Girls, Boys | Summit | Minecraft Mashup",https://www.amazon.com/product-reviews/B0DR3DY4W6/ref=zg_bs_g_kitchen_d_sccl_82_cr/134-7236384-9371243,4.7 out of 5 stars,"7,014","NGN 34,489.45"
"Tovolo Collapsible Microwave Splatter Cover, Charcoal Gray, Medium 10.5"" in",https://www.amazon.com/Microwave-Splatter-Cover-Food-Collapsible-Silicone-Guard-Lid/dp/B07GTC4NCV/ref=zg_bs_g_kitchen_d_sccl_88/134-7236384-9371243?psc=1,"https://images-na.ssl-images-amazon.com/images/I/71XMdFy300L._AC_UL300_SR300,200_.jpg",#88,https://www.amazon.com/product-reviews/B07GTC4NCV/ref=zg_bs_g_kitchen_d_sccl_88_cr/134-7236384-9371243,4.6 out of 5 stars,"83,525","NGN 13,787.50","GORILLA GRIP powerGRIP Drawer Shelf and Cabinet Liner, Thick Strong Hold, Non-Adhesive Liners Protect Kitchen Cabinets and Cupboard, Bathroom Drawers, Easy Install, Breathable Mat, 12"" x10', Beige",https://www.amazon.com/product-reviews/B07W7MG36T/ref=zg_bs_g_kitchen_d_sccl_83_cr/134-7236384-9371243,4.6 out of 5 stars,"30,713","NGN 20,688.15"
"Tovolo Collapsible Microwave Splatter Cover, Charcoal Gray, Medium 10.5"" in",https://www.amazon.com/Microwave-Splatter-Cover-Food-Collapsible-Silicone-Guard-Lid/dp/B07GTC4NCV/ref=zg_bs_g_kitchen_d_sccl_88/134-7236384-9371243?psc=1,"https://images-na.ssl-images-amazon.com/images/I/71XMdFy300L._AC_UL300_SR300,200_.jpg",#88,https://www.amazon.com/product-reviews/B07GTC4NCV/ref=zg_bs_g_kitchen_d_sccl_88_cr/134-7236384-9371243,4.6 out of 5 stars,"83,525","NGN 13,787.50","Vtopmart 6 Pack Clear Stackable Storage Bins with Lids, Large Plastic Containers with Handle for Pantry Organizer and Storage,Perfect for Bathroom,Cabinet,Kitchen,Fridge,Closet Organization",https://www.amazon.com/product-reviews/B0BC8VSWC7/ref=zg_bs_g_kitchen_d_sccl_84_cr/134-7236384-9371243,4.6 out of 5 stars,"6,356","NGN 38,491.83"
"Tovolo Collapsible Microwave Splatter Cover, Charcoal Gray, Medium 10.5"" in",https://www.amazon.com/Microwave-Splatter-Cover-Food-Collapsible-Silicone-Guard-Lid/dp/B07GTC4NCV/ref=zg_bs_g_kitchen_d_sccl_88/134-7236384-9371243?psc=1,"https://images-na.ssl-images-amazon.com/images/I/71XMdFy300L._AC_UL300_SR300,200_.jpg",#88,https://www.amazon.com/product-reviews/B07GTC4NCV/ref=zg_bs_g_kitchen_d_sccl_88_cr/134-7236384-9371243,4.6 out of 5 stars,"83,525","NGN 13,787.50","REALINN Under Sink Organizer, Pull Out Cabinet Organizer, 2 Tier Metal Slide Out Shelf with L Shaped Design for Kitchen, Bathroom, Laundry, and Utility Cabinet Storage for Deep Cabinets, White, 2 Pack",https://www.amazon.com/product-reviews/B0CFQFMC4F/ref=zg_bs_g_kitchen_d_sccl_85_cr/134-7236384-9371243,4.4 out of 5 stars,"15,326","NGN 51,603.06"
"Tovolo Collapsible Microwave Splatter Cover, Charcoal Gray, Medium 10.5"" in",https://www.amazon.com/Microwave-Splatter-Cover-Food-Collapsible-Silicone-Guard-Lid/dp/B07GTC4NCV/ref=zg_bs_g_kitchen_d_sccl_88/134-7236384-9371243?psc=1,"https://images-na.ssl-images-amazon.com/images/I/71XMdFy300L._AC_UL300_SR300,200_.jpg",#88,https://www.amazon.com/product-reviews/B07GTC4NCV/ref=zg_bs_g_kitchen_d_sccl_88_cr/134-7236384-9371243,4.6 out of 5 stars,"83,525","NGN 13,787.50",OXO Good Grips Cherry & Olive Pitter - Beet,https://www.amazon.com/product-reviews/B09QBY636J/ref=zg_bs_g_kitchen_d_sccl_86_cr/134-7236384-9371243,4.6 out of 5 stars,"4,035","NGN 20,632.94"
"Tovolo Collapsible Microwave Splatter Cover, Charcoal Gray, Medium 10.5"" in",https://www.amazon.com/Microwave-Splatter-Cover-Food-Collapsible-Silicone-Guard-Lid/dp/B07GTC4NCV/ref=zg_bs_g_kitchen_d_sccl_88/134-7236384-9371243?psc=1,"https://images-na.ssl-images-amazon.com/images/I/71XMdFy300L._AC_UL300_SR300,200_.jpg",#88,https://www.amazon.com/product-reviews/B07GTC4NCV/ref=zg_bs_g_kitchen_d_sccl_88_cr/134-7236384-9371243,4.6 out of 5 stars,"83,525","NGN 13,787.50","Astercook Knife Set, 13 Pieces Kitchen Knives Set with Healthy Anti-Rust Coating, Dishwasher Safe, Stainless Steel Chef Knife Sets with 6 Blade Guards, Fathers Day Gift for Men",https://www.amazon.com/product-reviews/B0D9B96TBX/ref=zg_bs_g_kitchen_d_sccl_87_cr/134-7236384-9371243,4.8 out of 5 stars,"6,068","NGN 48,000.92"
"Tovolo Collapsible Microwave Splatter Cover, Charcoal Gray, Medium 10.5"" in",https://www.amazon.com/Microwave-Splatter-Cover-Food-Collapsible-Silicone-Guard-Lid/dp/B07GTC4NCV/ref=zg_bs_g_kitchen_d_sccl_88/134-7236384-9371243?psc=1,"https://images-na.ssl-images-amazon.com/images/I/71XMdFy300L._AC_UL300_SR300,200_.jpg",#88,https://www.amazon.com/product-reviews/B07GTC4NCV/ref=zg_bs_g_kitchen_d_sccl_88_cr/134-7236384-9371243,4.6 out of 5 stars,"83,525","NGN 13,787.50","Tovolo Collapsible Microwave Splatter Cover, Charcoal Gray, Medium 10.5"" in",https://www.amazon.com/product-reviews/B07GTC4NCV/ref=zg_bs_g_kitchen_d_sccl_88_cr/134-7236384-9371243,4.6 out of 5 stars,"83,525","NGN 13,787.50"
